<?xml version="1.0" encoding="UTF-8" standalone="yes"?>
<manifest>
  <control namespace="psg369.ChoicePcf" constructor="Optionset" version="1.0.4" display-name-key="Fluent UI v9 Optionset" description-key="Optionset Checkbox FluentUIv9 Control" control-type="standard" api-version="1.3.8">
    <external-service-usage enabled="false"/>
    <property name="OptionsetColumn" display-name-key="Optionset Column" description-key="Select an Optionset column" of-type="OptionSet" usage="bound" required="true"/>
    <property name="FluentUIv9Theme" display-name-key="Fluent UI v9 Theme" description-key="Select a theme" of-type="Enum" usage="input" required="true">
      <value name="Web Light" display-name-key="Web Light Theme">webLightTheme</value>
      <value name="Web Dark" display-name-key="Web Dark Theme">webDarkTheme</value>
      <value name="Teams Light" display-name-key="Teams Light Theme">teamsLightTheme</value>
      <value name="Teams Dark" display-name-key="Teams Dark Theme">teamsDarkTheme</value>
      <value name="Teams High Contrast" display-name-key="Teams High Contrast">teamsHighContrastTheme</value>
    </property>
    <property name="CheckBoxShape" display-name-key="Shape of check box, circular or square" description-key="Select a shape for checkbox" of-type="Enum" usage="input" required="true">
      <value name="Circular" display-name-key="Circular Shape Checkboxes">circular</value>
      <value name="Square" display-name-key="Square Shape Checkboxes">square</value>
    </property>
    <property name="CheckBoxSize" display-name-key="Size of check box, medium or large" description-key="Select a size for checkboxes" of-type="Enum" usage="input" required="true">
      <value name="medium" display-name-key="Medium Size Checkboxes">medium</value>
      <value name="large" display-name-key="Large Size Checkboxes">large</value>
    </property>
    <resources>
      <code path="bundle.js" order="1"/>
    </resources>
    <built-by name="pac" version="1.29.9"/>
  </control>
</manifest>